name,industry,category,country,city,address,website,phone,email,description,logoUrl,imageUrl,products,certifications,moq,rating,reviewCount,sourceUrl,images
Al Gharbia Pipe Company LLC,Metal,Tubes & Pipes,United Arab Emirates,Al Taweelah,,https://algharbiapipe.com/,,,"Al Gharbia Pipe Company is an LSAW mill in KEZAD (Khalifa Economic Zone Abu Dhabi), Al Taweelah, about 10 km from Khalifa Port. It is a joint venture of ADQ/SENAAT (51%), JFE Steel (27%) and Marubeni-Itochu Steel (22%), established in 2015 with commercial production from 2019. The mill produces large-diameter longitudinally submerged-arc welded pipe from 18 to 60 inch OD, including sour-service linepipe, using a JCO forming press and Industry 4.0 MES. Nameplate capacity was raised to 400,000 metric tonnes; the company is ADNOC-approved for onshore/offshore sour linepipe and conductor pipe.",https://algharbiapipe.com/wp-content/uploads/2022/10/production-banner.jpg,/images/suppliers/phase1/tube-pipes/al-gharbia-production-banner.jpg,LSAW linepipe (API 5L Grade B to X80 non-sour; Grade B to X65 sour)|Conductor pipe (API 5L)|Structural tubulars (API 2B / EN 10219 / ASTM A252),API 5L (License 5L-1170)|API 2B (License 2B-0193)|API Spec Q1 (Q1-3826)|ISO 9001:2015|ISO 14001:2015|ISO 45001:2018|ISO/IEC 17025:2017|ADNOC ICV / ADNOC approval (onshore-offshore sour linepipe and conductor),,,,https://algharbiapipe.com/about/,/images/suppliers/phase1/tube-pipes/al-gharbia-production-banner.jpg|/images/suppliers/phase1/tube-pipes/al-gharbia-prod-1.jpg|/images/suppliers/phase1/tube-pipes/al-gharbia-prod-2.jpg|/images/suppliers/phase1/tube-pipes/al-gharbia-prod-3.jpg|/images/suppliers/phase1/tube-pipes/al-gharbia-prod-5.jpg|/images/suppliers/phase1/tube-pipes/al-gharbia-pipe-factory-1.jpg|/images/suppliers/phase1/tube-pipes/al-gharbia-pipe-factory-2.jpg|/images/suppliers/phase1/tube-pipes/al-gharbia-pipe-factory-3.jpg
Ajmal Steel Tubes & Pipes Industries LLC (AJ Steel),Metal,Tubes & Pipes,United Arab Emirates,Mussafah,,https://www.ajsteel.com/,,,"Ajmal Steel Tubes & Pipes Industries LLC, trading as AJ Steel, is an ERW/HFW pipe mill with two manufacturing units in Mussafah ICAD-1 and ICAD-2, Abu Dhabi. Established around 2006–2007, it produces circular, square and rectangular hollow sections from 1/2 inch to 20 inch NB, in black, varnished, primer, powder-coated and hot-dip galvanized finishes. Stated annual capacity is about 500,000 MT. Products are supplied to construction, infrastructure, fire protection and industrial applications under ASTM, EN, AS/NZS and related specifications.",https://www.ajsteel.com/assets/images/logo.png,https://www.ajsteel.com/assets/images/about/who-we-are/whoWeAre.png,"ERW/HFW circular pipes (1/2""–20"" NB)|Square and rectangular hollow sections (SHS/RHS)|Hot-dip galvanized, powder-coated and primer-coated ERW tubes","ISO 9001:2015|ISO/IEC 17025 (in-house lab, ICAD-2 branch)|ISO 14001|ISO 45001|CE / CPR EN 10210, EN 10219, EN 10255, EN 10217|ACRS (AS/NZS 1163 cold-formed hollow sections, cert 230302)",,,,https://www.ajsteel.com/assets/images/products-applications/viewCatalog.pdf,https://www.ajsteel.com/assets/images/about/who-we-are/whoWeAre.png|https://www.ajsteel.com/assets/images/about/who-we-are/whoWeAreSub.png
Jindal SAW Limited,Metal,Tubes & Pipes,India,Mundra,,https://jindalsaw.com/,,,"Jindal SAW Limited, founded in 1984 in the O.P. Jindal Group, is a listed Indian manufacturer of large-diameter SAW line pipe, seamless carbon/alloy tubes, and ductile-iron pipe. Integrated SAW mills sit at Nanakapaya and Samaghogha near Mundra Port, Gujarat, with additional plants at Kosi Kalan, Bellary, Nashik and overseas. The company was the first in India to make SAW pipe by UOE and later added JCO LSAW and HSAW mills plus a Nashik seamless mill for OCTG and industrial tubes. Products are made to API and related specifications for oil, gas, water and industrial customers in India and export markets.",https://jindalsaw.com/wp-content/uploads/2025/07/saw-jco1.jpg,/images/suppliers/phase1/tube-pipes/jindal-saw-hsaw.jpg,LSAW (UOE/JCO) and HSAW line pipes|Seamless carbon and alloy pipes and OCTG (Nashik mill)|Ductile iron pipes and anti-corrosion coatings,API 5L (historic first Indian API SAW license 1986; current mill licenses listed by plant)|ISO 9001:2015|ISO 14001:2015|ISO 45001:2018,,,,https://jindalsaw.com/,/images/suppliers/phase1/tube-pipes/jindal-saw-hsaw.jpg|/images/suppliers/phase1/tube-pipes/jindal-saw-lsaw.jpg|/images/suppliers/phase1/tube-pipes/jindal-saw-pipe.jpg
Welspun Corp Limited,Metal,Tubes & Pipes,India,Anjar,,https://www.welspuncorp.com/,,,"Welspun Corp Limited is a listed welded line-pipe manufacturer with its largest Indian complex at Welspun City, Anjar, Gujarat, plus mills at Dahej, Mandya and Bhopal and overseas plants in Dammam, Saudi Arabia and Little Rock, USA. It produces LSAW, HSAW, HFW/HFIW pipe from about 1.5 to 143 inch, with in-house coating, double-jointing and bending. Combined installed capacity is on the order of 2.2 million tonnes. The company supplies onshore and offshore oil and gas projects (including Saudi Aramco, TC Energy and PTTEP) and has IndiaMART manufacturer listings alongside the corporate site.",https://www.welspuncorp.com/images/welcome-img.webp,/images/suppliers/phase1/tube-pipes/welspun-corp-factory-1.jpg,LSAW line pipe|HSAW (spiral) line pipe|HFW/HFIW (ERW) line pipe and pipe coatings,API Spec Q1|API 5L|API 5CT (HFW)|ISO 9001:2015|ISO 14001|ISO/TS 29001|BIS,,,,https://www.indiamart.com/welspun-corp-limitedmumbai/aboutus.html,/images/suppliers/phase1/tube-pipes/welspun-corp-factory-1.jpg|/images/suppliers/phase1/tube-pipes/welspun-corp-factory-2.jpg
Arabian Pipes Company,Metal,Tubes & Pipes,Saudi Arabia,Riyadh,,https://www.arabian-pipes.com/,,,"Arabian Pipes Company (APC) is a Saudi listed mill that owns an ERW/HFW plant in Riyadh Second Industrial City (about 160,000 t/year, 6–20 inch) and an LSAW plant in Jubail (about 300,000 t/year, 16–48 inch). Combined capacity is about 460,000 t/year, plus casing threading, coating and coil slitting. Commercial ERW production started in the mid-1990s. APC supplies Saudi Aramco and other regional oil and gas operators and exports across the Gulf, the wider Middle East and North Africa.",https://arabian-pipes.com/images/Events/ADIPEC_2019.jpg,/images/suppliers/phase1/tube-pipes/arabian-pipes-factory.jpg,"ERW/HFW line pipe and casing (6–20 inch)|LSAW pipe (16–48 inch, Jubail mill)|Anti-corrosion coated pipe and threaded casing",API|ISO 9001|ISO 29001|ISO 14001|ISO 45001|ISO/IEC 17025,,,,https://arabian-pipes.com/About-us.php,/images/suppliers/phase1/tube-pipes/arabian-pipes-factory.jpg|/images/suppliers/phase1/tube-pipes/arabian-pipes-product.jpg
APL Apollo Tubes Limited,Metal,Tubes & Pipes,India,Sikandrabad,,https://aplapollo.com/,,,"APL Apollo Tubes Limited is India’s largest structural ERW steel tube producer, founded in 1986 with its original mill at Sikandrabad, Uttar Pradesh. It now runs multiple plants across India (including Sikandrabad, Hosur, Raipur, Murbad and others) with multi-million-tonne ERW capacity, and has added a UAE mill. The company makes MS black, galvanized and pre-galvanized round tubes plus SHS/RHS for construction, infrastructure, irrigation and engineering. IndiaMART lists it as a manufacturer; products are BIS-marked and the group cites ISO 9001, ISO 14001 and ISO 45001 plant certifications.",https://aplapollocoatedsteel.com/wp-content/uploads/2024/04/factory-image.webp,/images/suppliers/phase1/tube-pipes/apl-apollo-raipur-1.jpg,ERW structural hollow sections (SHS/RHS)|MS black round tubes and pipes|Galvanized and pre-galvanized ERW tubes,ISO 9001|ISO 14001|ISO 45001|BIS (IS 1239 / IS 3589 and related product marks),,,,https://www.indiamart.com/apl-apollo-tubes-ltd/,/images/suppliers/phase1/tube-pipes/apl-apollo-raipur-1.jpg|/images/suppliers/phase1/tube-pipes/apl-apollo-raipur-2.jpg|/images/suppliers/phase1/tube-pipes/apl-apollo-raipur-3.jpg|/images/suppliers/phase1/tube-pipes/apl-apollo-raipur-4.jpg
Man Industries (India) Limited,Metal,Tubes & Pipes,India,Anjar,,https://mangroup.com/,,,"Man Industries (India) Limited is a listed manufacturer of large-diameter carbon-steel LSAW, HSAW and ERW line pipe, incorporated in 1988. The main pipe and coating complex is at Khedoi village, Anjar, Kutch (two LSAW units, two HSAW units, one ERW unit and coating lines), with a second plant at Pithampur, Madhya Pradesh. Combined installed capacity is stated at over 1.2 million MTPA. The mill is port-linked to Kandla and Mundra for export of oil, gas, water and hydrocarbon line pipe up to API 5L X80 PSL2.",https://mangroup.com/wp-content/uploads/2024/11/LSAW-1-1024x683.jpg,/images/suppliers/phase1/tube-pipes/man-industries-hsaw.jpg,LSAW line pipe (Anjar JCO mills)|HSAW (spiral) line pipe|ERW/HFW pipe and 3LPE/FBE coating,API Spec Q1|API 5L|API 2B|ISO 9001:2015|ISO 14001:2015|ISO 45001:2018|ISO 3834-2,,,,https://mangroup.com/,/images/suppliers/phase1/tube-pipes/man-industries-hsaw.jpg|/images/suppliers/phase1/tube-pipes/man-industries-lsaw.jpg
"Hebei Huayang Steel Pipe Co., Ltd.",Metal,Tubes & Pipes,China,Cangzhou,,https://www.hbhuayang.com/,,,"Hebei Huayang Steel Pipe Co., Ltd. is a Cangzhou (Mengcun) mill founded in 2005 that manufactures high-frequency ERW/HFW and LSAW (JCOE) carbon-steel pipe. Company materials cite a large Mengcun campus, 600-plus employees, and annual ERW/LSAW capacity in the multi-million-tonne range, with HFW lines covering about 76–660 mm and LSAW about 406–1422 mm. It holds API 5L and API 2B monogram rights plus ISO 9001/14001/45001 and CE, and exports to more than 80 regions. This is a producing mill rather than a Cangzhou trading desk.",https://www.huayang-steelpipe.com/uploads/43557/banner/20250822035044d1698.jpg,/images/suppliers/phase1/tube-pipes/hebei-huayang-factory.jpg,ERW/HFW line pipe (approx. Φ76–Φ660 mm)|LSAW/JCOE pipe (approx. Φ406–Φ1422 mm)|3PE/3PP coated and hot-expanded welded pipe,API 5L|API 2B|ISO 9001|ISO 14001|ISO 45001|CE,,,,https://www.huayang-steelpipe.com/,/images/suppliers/phase1/tube-pipes/hebei-huayang-factory.jpg
Al Jazeera Steel Products Co. SAOG,Metal,Tubes & Pipes,Oman,Sohar,,https://www.jazeerasteel.com/,,,"Al Jazeera Steel Products Co. SAOG (formerly Al Jazeera Tube Mills) is a Muscat Securities Market-listed mill in Sohar Industrial Estate, Oman, about 10 km from Sohar Port. Founded in 1996, its tube mill has four ERW lines with about 300,000 MT per year of black and galvanized circular, square and rectangular hollow sections; a merchant-bar mill of similar capacity sits on the same site. The company states ISO 9001:2015 and API Q1 for the tube mill and has obtained API monogram approval for oil and gas pipe. Key markets include Oman, UAE, Saudi Arabia and North America.",https://www.jazeerasteel.com/images/jazeera-company-info.jpg,/images/suppliers/phase1/tube-pipes/al-jazeera-steel-factory.jpg,ERW/HFIW black steel pipes|Hot-dip galvanized ERW pipes|Square and rectangular hollow sections,"ISO 9001:2015|API Q1 (10th edition)|API 5L monogram (tube mill upgrade, disclosed in 2024 annual report)|UL product certification (fire-protection pipe)|FM Approval",,,,https://www.jazeerasteel.com/company.php,/images/suppliers/phase1/tube-pipes/al-jazeera-steel-factory.jpg|/images/suppliers/phase1/tube-pipes/al-jazeera-steel-quality.jpg
Ratnamani Metals & Tubes Limited,Metal,Tubes & Pipes,India,Bhimasar,,https://www.ratnamani.com/,,,"Ratnamani Metals & Tubes Ltd. is a listed Gujarat mill group founded in 1983, with carbon-steel SAW/HFW pipe and coating at Kutch works, Survey No. 474, Bhimasar (Anjar), plus stainless/nickel seamless at Indrad and additional SAW at Chhatral and Sundargarh. Kutch produces LSAW, HSAW, CSAW and HF-ERW carbon-steel pipe to API 5L (including X80), with stated SAW capacities of roughly 250,000 MT LSAW and 300,000 MT HSAW and 100,000 MT HF-ERW. About 40% of volume is exported; customers sit in oil and gas, refining, power, LNG and water.",https://www.ratnamani.com/images/banner/banner1.jpg,/images/suppliers/phase1/tube-pipes/ratnamani-factory.jpg,Carbon steel LSAW / HSAW / CSAW line pipe|HF-ERW carbon steel pipe|Stainless and nickel-alloy seamless and welded tubes (Indrad/Kutch),ISO 9001:2015|ISO 14001:2015|ISO 45001:2018|API Q1 (CS Kutch)|API 5L (CS Kutch and Chhatral)|API 5CT (CS Kutch)|API 2B (CS Kutch and Chhatral),,,,https://www.ratnamani.com/company_profile.html,/images/suppliers/phase1/tube-pipes/ratnamani-factory.jpg|/images/suppliers/phase1/tube-pipes/ratnamani-product-carbonsteel.jpg
EMSTEEL Building Materials PJSC (EMSTEEL),Metal,Steel & Metals,United Arab Emirates,Mussafah / Abu Dhabi Industrial City (ICAD I),,https://www.emsteel.com/,,,"EMSTEEL is the UAE’s largest publicly listed steel and building-materials group (ADX: EMSTEEL), formed from the merger of Emirates Steel and Arkan. Its integrated Emirates Steel complex in Abu Dhabi Industrial City uses DRI and EAF technology with rolling mills that produce rebar, wire rod, heavy/jumbo sections and the region’s only hot-rolled sheet piles. Rated steel capacity is about 3.5 million tonnes per year; finished products from Abu Dhabi have been shipped to more than 70 countries.",https://ar2024.emsteel.com/images/components/mainpage/images/s1-bg.jpeg,/images/suppliers/phase1/steel-metals/emsteel-company.jpg,Rebar (straight bar and coil)|Carbon steel wire rod|Heavy and jumbo structural sections|Hot-rolled sheet piles,ISO 9001 (UK CARES)|ISO 14001 (TUV Middle East)|ISO 45001 (TUV Middle East)|UK CARES product conformity for rebar|ASME nuclear-grade rebar (Material Organization QSC 667),,,,https://www.emsteel.com/about-emirates-steel/,/images/suppliers/phase1/steel-metals/emsteel-company.jpg|/images/suppliers/phase1/steel-metals/emsteel-product.jpg
Ferrite Structural Steels Private Limited,Metal,Steel & Metals,India,"Kalamboli, Navi Mumbai",,https://ferrite.in/,,,"Ferrite Structural Steels (formerly Payal Enterprises) is a Mumbai-based structural-steel company with a published factory at Plot 18, KWC Kalamboli, Navi Mumbai, plus stockholding warehouses at the same hub. It manufactures and processes angles, beams, channels, bars, pipes, sheets and plates, and also stocks mill brands as an authorized SAIL / RINL MoU distributor. The firm states it operates a rolling mill and galvanizing capability (including PRECITECH fabrication in Jejuri, Pune) alongside service-center processing such as cut-to-size and slitting.",https://ferrite.in/wp-content/uploads/2024/06/Ferrite-Structural-Steels-1520_600-scaled.jpg,/images/suppliers/phase1/steel-metals/ferrite-structural-banner.jpg,Mild steel angles|MS beams / I-beams and H-beams|MS channels|Steel plates and sheets,ISO 9001:2015,1 ton (listed on TradeIndia product pages),,,https://www.indiamart.com/ferrite-structural/profile.html,/images/suppliers/phase1/steel-metals/ferrite-structural-banner.jpg|/images/suppliers/phase1/steel-metals/ferrite-structural-home.jpg
Qatar Steel Company (Q.P.S.C.),Metal,Steel & Metals,Qatar,Mesaieed Industrial City,,https://www.qatarsteel.com.qa/,,,"Qatar Steel, established in 1974 and a subsidiary of Industries Qatar, is the first integrated steel plant in the Arabian Gulf. Its Mesaieed works produces DRI, HBI, steel billets, reinforcing bars (8–40 mm) and wire rod using DRI–EAF steelmaking and rolling mills. The mill holds long-standing ISO 9001 and UK CARES product-conformity certificates and supplies GCC and other export markets under BS 4449, ASTM A615 and related standards.",https://www.qatarsteel.com.qa/wp-content/uploads/2022/01/construction-bars-1.jpg,/images/suppliers/phase1/steel-metals/qatar-steel-billets.jpg,"Reinforcing steel bars (rebar, 8–40 mm)|Wire rod and rebar in coil|Steel billets|Direct reduced iron (DRI) / hot briquetted iron (HBI)","ISO 9001:2015|ISO/IEC 17025 laboratory accreditation|UK CARES product conformity (ASTM A615 Gr.60, BS 4449 B500B)|Dubai Central Laboratory (DCL) product conformity|Qatar Quality Mark",,,,https://www.qatarsteel.com.qa/qatar-steel-main-products/,/images/suppliers/phase1/steel-metals/qatar-steel-billets.jpg|/images/suppliers/phase1/steel-metals/qatar-steel-rebars.jpg
JSW Steel Limited,Metal,Steel & Metals,India,"Toranagallu (Vijayanagar Works), Ballari, Karnataka",,https://www.jswsteel.in/,,,"JSW Steel is one of India’s largest integrated steel producers. Flagship Vijayanagar Works at Toranagallu is a ~10,000-acre complex with blast furnaces, BOFs, continuous casting, India’s widest hot strip mill, cold rolling and coating lines, plus long-product mills for TMT bars and wire rods. The site holds ISO 9001/14001/45001/50001, SA8000 and ResponsibleSteel certification and supplies flat and long products to infrastructure, automotive and construction markets in India and overseas.",https://jsw-steel-s3.s3.ap-south-1.amazonaws.com/jsw-steel-images/uploads/2026/01/vijaynagarworksimg.jpg,/images/suppliers/phase1/steel-metals/jsw-steel-vijayanagar-1.jpg,"Hot rolled coils, plates and sheets|JSW Neosteel TMT bars (Fe 550D / 600)|Wire rods|Cold rolled and galvanised / galvalume coils",ISO 9001:2015|ISO 14001:2015|ISO 45001:2018|ISO 50001:2018|ResponsibleSteel,,,,https://www.jswsteel.in/facility/vijayanagar-works,/images/suppliers/phase1/steel-metals/jsw-steel-vijayanagar-1.jpg|/images/suppliers/phase1/steel-metals/jsw-steel-vijayanagar-2.jpg
Saudi Iron and Steel Company (Hadeed),Metal,Steel & Metals,Saudi Arabia,Jubail Industrial City,,https://hadeed.com.sa/,,,"Hadeed is the first fully integrated iron-and-steel complex in Saudi Arabia (founded 1979) and the largest long-and-flat producer in the GCC. The Jubail plant uses multiple DRI modules, EAFs and rolling mills with about 3.8 Mt of long products and 2.2 Mt of flat products annually. Product range covers rebar, rebar-in-coil, wire rod, light sections, hot-rolled and cold-rolled coil, galvanized and pre-painted coil. PIF acquired Hadeed in May 2024; the company also absorbed AlRajhi Steel Industries.",https://www.midrex.com/wp-content/uploads/FIGURE-3-2.jpg,/images/suppliers/phase1/steel-metals/hadeed-module-e-htc.jpg,"Concrete reinforcing bars (rebar and rebar-in-coil)|Wire rod|Hot-rolled coils|Cold-rolled and hot-dip galvanized coils|Light sections (flats, squares, equal angles, channels)",ISO 9001:2015 (TUV Austria)|ISO 14001:2015 (DNV)|ISO 45001:2018 (DNV)|ISO 50001:2018 (Bureau Veritas)|UK CARES product conformity (BS 4449),,,,https://hadeed.com.sa/about-us,/images/suppliers/phase1/steel-metals/hadeed-module-e-htc.jpg|/images/suppliers/phase1/steel-metals/hadeed-module-e.jpg
Tata Steel Limited,Metal,Steel & Metals,India,Jamshedpur,,https://www.tatasteel.com/,,,"Tata Steel operates Asia’s first integrated steel plant at Jamshedpur (founded 1907), with additional Indian works at Kalinganagar and Meramandali and captive iron-ore and coal mines. Jamshedpur produces hot-rolled, cold-rolled and galvanised coils plus long products including Tata Tiscon rebars and wire rods via the BF–BOF route. The Jamshedpur Steel Works was India’s first ResponsibleSteel-certified site; key Indian manufacturing sites hold ISO 9001, ISO 14001 and ISO 45001.",https://www.tatasteel.com/tata-steel-brochure/images/inside-10.jpg,/images/suppliers/phase1/steel-metals/tata-steel-factory-1.jpg,Tata Tiscon TMT rebars|Hot rolled coils|Cold rolled coils|Galvanised coils and sheets|Wire rods,ISO 9001:2015 (key Indian manufacturing sites)|ISO 14001:2015 (Jamshedpur Steel Works)|ResponsibleSteel (Jamshedpur),,,,https://www.tatasteel.com/tata-steel-brochure/inside-tata-steel.html,/images/suppliers/phase1/steel-metals/tata-steel-factory-1.jpg|/images/suppliers/phase1/steel-metals/tata-steel-factory-2.jpg|/images/suppliers/phase1/steel-metals/tata-steel-night.jpg
Jingye Steel (Jingye Group),Metal,Steel & Metals,China,"Shijiazhuang (Pingshan / Nandian), Hebei",,https://www.jingyesteel.com.cn/,,,"Jingye Steel, founded in 1990, is a Fortune Global 500 Chinese steelmaker with multiple mills (Shijiazhuang Iron & Steel, Yingkou Medium Plate, Guangdong Jingye, Jiangsu Jingye and others). It operates a large bar-and-wire-rod base (about 18 production lines) plus plate, HRC, cold-rolled, galvanized, colour-coated and pipe mills. Rebar is offered in Chinese, British, American, Korean, Australian and other grades; the group states exports to 130+ countries and ISO 9001/14001/45001 plus CE, CARES and ACRS product certifications.",https://omo-oss-image1.thefastimg.com/portal-saas/pg2025112709483949130/cms/image/615cfba6-3843-45fb-931c-7490446d6440.jpg?vf=B7gH3s,/images/suppliers/phase1/steel-metals/jingye-pingshan-aerial.jpg,"Hot-rolled ribbed bars / rebar (HRB400, HRB500, B500B, ASTM Gr.60)|Medium and thick steel plate|Hot rolled coil (HRC)|Galvanized and pre-painted steel coil (PPGI)|Steel pipe (SSAW / SAW)",ISO 9001|ISO 14001|ISO 45001|EU CE|UK CARES / ACRS (rebar),,,,https://www.made-in-china.com/showroom/jingyesteelrebar/,/images/suppliers/phase1/steel-metals/jingye-pingshan-aerial.jpg|/images/suppliers/phase1/steel-metals/jingye-pingshan-rolling.jpg
Rashtriya Ispat Nigam Limited (RINL / Vizag Steel),Metal,Steel & Metals,India,Visakhapatnam,,https://www.vizagsteel.com/,,,"RINL is a Government of India Navaratna enterprise operating Visakhapatnam Steel Plant, India’s first shore-based integrated steel plant and a long-products specialist. The works includes steel melt shops, a light-and-medium merchant mill, wire-rod mills (~1.65 Mt combined), a structural mill and a special bar mill producing Vizag TMT rebars, wire-rod coils, beams, channels, angles and rounds. RINL states it was the first Indian steel plant certified to ISO 9001, ISO 14001, ISO 45001 and ISO 50001.",https://upload.wikimedia.org/wikipedia/commons/thumb/d/d5/Pylon_at_Vizag_Steel_Plant_01.jpg/1280px-Pylon_at_Vizag_Steel_Plant_01.jpg,/images/suppliers/phase1/steel-metals/rinl-vizag-plant.jpg,"Vizag TMT rebars|Plain wire rod coils|Vizag Ukku structurals (beams, channels, angles)|Plain and forged rounds",ISO 9001:2015|ISO 14001:2015|ISO 45001:2018|ISO 50001:2018,,,,https://www.vizagsteel.com/index.asp,/images/suppliers/phase1/steel-metals/rinl-vizag-plant.jpg
Jindal Steel Limited (formerly Jindal Steel & Power Limited),Metal,Steel & Metals,India,"Angul (Jindal Nagar), Odisha",,https://www.jindalsteel.in/,,,"Jindal Steel Limited is a major Indian integrated steelmaker (OP Jindal Group). The Angul complex includes a large blast furnace, India’s first coal-gasification / syngas-based DRI route, a ~1.4 Mtpa TMT rebar mill (Jindal Panther), a plate mill producing plates up to about 5 m wide, plus rails, parallel-flange beams, round bars and wire rod from Angul and sister works at Raigarh and Patratu. Public EPDs state Angul facilities are certified to ISO 9001, ISO 14001 and ISO 45001.",https://docs.jindalsteel.in/document/124/1770874007_1758972428_NJ2.png,/images/suppliers/phase1/steel-metals/jindal-steel-beam.jpg,Jindal Panther TMT rebars|Wide steel plates (Rockhard / structural / API)|Parallel flange beams|Wire rod|Rails,ISO 50001:2018,,,,https://www.indiamart.com/jindal-steel-power-limited-angul-angul/,/images/suppliers/phase1/steel-metals/jindal-steel-beam.jpg|/images/suppliers/phase1/steel-metals/jindal-steel-tmt.jpg
Ezz Steel,Metal,Steel & Metals,Egypt,"Ain Sokhna / Suez (also Alexandria, Sadat City, 10th of Ramadan City)",,https://www.ezzsteel.com/,,,"Ezz Steel is Egypt’s largest steel producer, with four integrated DRI–EAF plants and about 7 million tonnes per year of long and flat products. The Suez / Ain Sokhna complex includes a DRI module, EAFs, a hot strip mill with thin-slab casting, a billet caster and two rebar mills (~1.1 Mt rebar and 1.2 Mt HRC). Other works at Alexandria, Sadat City and 10th of Ramadan City produce rebar, wire rod, HRC and welded fabric. Plants hold ISO 9001/14001/45001/50001 plus UK CARES, CE and SASO product certificates.",https://www.ezzsteel.com/rails/active_storage/representations/redirect/eyJfcmFpbHMiOnsiZGF0YSI6MjM4LCJwdXIiOiJibG9iX2lkIn19--241e17f450bf54bcca748fc197082e5932d75839/eyJfcmFpbHMiOnsiZGF0YSI6eyJmb3JtYXQiOiJqcGciLCJyZXNpemVfdG9fZmlsbCI6WzEyMDAsNjMwXSwic2F2ZXIiOnsicXVhbGl0eSI6OTB9fSwicHVyIjoidmFyaWF0aW9uIn19--e8f5d4a6d1794a4caea4e5641535d88f7aef4a01/03-Mobile-suez2.jpg,/images/suppliers/phase1/steel-metals/ezz-steel-suez.jpg,Plain and deformed rebar (10–40 mm)|Wire rod|Hot rolled coil / flat steel|Welded steel fabric,"ISO 9001 (Alexandria, Suez, Sadat City, 10th of Ramadan)|ISO 14001|ISO 45001|UK CARES BS 4449|CE Mark",,,,https://www.ezzsteel.com/,/images/suppliers/phase1/steel-metals/ezz-steel-suez.jpg
Foliflex Cables (India) Private Limited,Electrotechnical & Cabling,Cables & Electrical,India,Delhi,,https://www.foliflexcables.co.in/,,,"IndiaMART lists Foliflex Cables (India) Private Limited as a manufacturer (also retailer and service provider) of aluminum cables, PVC housing wire, electric house wire, submersible cable, aluminium armoured cable and CCTV wire, with GST 07AADCF2064K1ZN and CIN U31909DL2017PTC323894. The registered/manufacturing address on IndiaMART and company pages is Block A, A-9/2, Jhilmil Industrial Area, G.T. Road, Shahdara, New Delhi 110095; GST registration date is 19-02-2018. Sister site foliflexcables.in describes the same Jhilmil unit as a wire and cable manufacturer of housing wire, FR-LSH cable, telephone/LAN cable, submersible flat cable, copper flexible cable and aluminium cables, and states FR-LSH products are IS 694 certified and made under ISO 9001:2015. A parallel site, foliflexcablesindia.com, also names the Jhilmil manufacturing unit and claims operations from 1976, which conflicts with the 2017/2018 incorporation dates on the IndiaMART profile.",https://foliflexcables.in/img/company/cable-quality-and-testing.webp,/images/suppliers/phase1/cables-electrical/foliflex-1.jpg,"PVC housing / electric house wire (including FR-LSH, IS 694 claimed)|Aluminum cables and aluminium armoured cable|Submersible cable|Multi-core / industrial copper cable|CCTV wire and RG-6 coaxial cable",ISO 9001:2015 (claimed for manufacturing)|IS 694 (claimed for FR-LSH / PVC house wire up to 1100V)|ISI and ISO standards (products stated as conforming)|GST 07AADCF2064K1ZN,IndiaMART product pages list 1 Meter on some coaxial SKUs; no published import/export MOQ found,,,https://www.foliflexcables.co.in/profile.html,/images/suppliers/phase1/cables-electrical/foliflex-1.jpg|/images/suppliers/phase1/cables-electrical/foliflex-2.jpg
KEI Industries Limited,Electrotechnical & Cabling,Cables & Electrical,India,New Delhi,,https://www.kei-ind.com/,,,"KEI Industries Limited is a publicly listed Indian wires and cables manufacturer founded in 1968, with registered/corporate office at D-90, Okhla Industrial Area, Phase-I, New Delhi 110020 (CIN L74899DL1992PLC051527). Official materials describe six-plus manufacturing plants at Bhiwadi, Chopanki and Pathredi (Rajasthan) and Rakholi and Chinchpada (Silvassa, Dadra and Nagar Haveli), producing EHV, HT and LT power cables, control and instrumentation cables, house wire, winding wire, rubber cable, solar cable and stainless steel wire. The company states it serves clients in 60+ countries through 2000+ channel partners and has overseas offices including UAE, South Africa, Nepal and Gambia. Manufacturing facilities are stated as certified to ISO 9001:2015, ISO 14001:2015 and ISO 45001:2018, with NABL/ISO 17025 lab accreditation and product testing/approvals including KEMA, TUV, UL, CE and UKCA as listed in company presentations.",https://www.kei-ind.com/wp-content/uploads/2018/04/ehv-cable.jpg,/images/suppliers/phase1/cables-electrical/kei-1.jpg,"EHV / HT / LT power cables|House wire and winding wire|Control, instrumentation and communication cables|Rubber, solar and fire-survival cables","ISO 9001:2015|ISO 14001:2015|ISO 45001:2018|NABL ISO/IEC 17025:2017 (in-house lab, stated in BRSR)|CE marking / UL (including UL 1072 MV power cable, stated in BRSR)",,,,https://www.kei-ind.com/,/images/suppliers/phase1/cables-electrical/kei-1.jpg|/images/suppliers/phase1/cables-electrical/kei-2.jpg
Polycab India Limited,Electrotechnical & Cabling,Cables & Electrical,India,Halol,,https://polycab.com/,,,"Polycab India Limited describes itself as India's largest manufacturer of wires and cables, with 28 manufacturing facilities (including two JVs) across Gujarat, Maharashtra, Uttarakhand and Daman and Diu, and about 26% wires-and-cables market share. Registered office is Unit 4, Plot No. 105, Halol Vadodara Road, Village Nurpura, Taluka Halol, Panchmahal, Gujarat 389350; corporate office is The Ruby, Dadar West, Mumbai. About-us states manufacturing QMS certifications ISO 9001, ISO 14001 and OHSAS 18001, a NABL- and UL-accredited central lab in Halol, and product certifications including BIS, BASEC, UL and IEC. An ISO 9001:2015 certificate on the company CMS covers design/manufacture of conductors, wires and cables at Halol and Daman locations (valid 10.08.2024-09.08.2027, cert. 44 100 24395341).",https://cms.polycab.com/media/ba3nqfh5/aboutus_web-banner_new.jpg,/images/suppliers/phase1/cables-electrical/polycab-1.jpg,"Wires and cables (PVC, XLPE, ZHFR, elastomeric, EHV/HV/MV/LT power cables)|Control and instrumentation cables; railway signalling and telecom cables|ABC cable and conductors|FMEG (fans, switches, switchgear, luminaires, conduits) — adjacent to core cable manufacturing","ISO 9001:2015 (TUV cert. 44 100 24395341; valid to 09.08.2027)|ISO 14001 and OHSAS 18001 (stated on about-us)|BIS (Bureau of Indian Standards)|BASEC, UL, IEC (product certifications stated on about-us); NABL and UL lab accreditation at Halol",,,,https://polycab.com/about-us,/images/suppliers/phase1/cables-electrical/polycab-1.jpg|/images/suppliers/phase1/cables-electrical/polycab-2.jpg
R R Kabel Limited,Electrotechnical & Cabling,Cables & Electrical,India,Silvassa,,https://www.rrkabel.com/,,,"R R Kabel Limited is an Indian wires and cables manufacturer with dedicated W&C plants at Survey No. 142/2, Madhuban Dam Road, Silvassa 396240 (D&NH) and Survey No. 201-203 & 327/3, Village Waghodia, Vadodara, Gujarat 391760; other listed sites (Bengaluru, Roorkee, Gagret) are described in the FY2024-25 annual report as FMEG plants. The Wires & Cables segment covers housewires, industrial wires, power cables and special cables, with stated capability up to 66 kV. The company calls itself India's leading exporter of wires and cables; a Q3 FY24 earnings transcript hosted on rrkabel.com states an export footprint of 67 countries. Product certification pages list ISI/BIS standards (IS 694, IS 1554-1, IS 7098-1 & 2, IS 17048) plus BASEC, VDE, UL, CSA and TUV (EN 50618 solar).",https://www.rrkabel.com/wp-content/uploads/2024/04/factories-banner.jpg,/images/suppliers/phase1/cables-electrical/rr-kabel-1.jpg,"Housewires (IS 694)|Industrial wires|LT/HT power cables (up to 66 kV, company-stated)|Special cables including solar (EN 50618 / TUV)","ISO 9001, ISO 14001, ISO 45001 (stated in FY2024-25 annual report)|BIS / ISI: IS 694, IS 7098-1 & 2, IS 1554-1, IS 17048, IS 9857, IS 1293|BASEC (UK): BS EN 50525-2-11/2-31/3-41, BS 5467, BS 6231, BS 6004|UL and CSA (appliance wiring materials); TUV EN 50618 solar; VDE DIN VDE 0281-3/5",,,,https://www.rrkabel.com/factories/,/images/suppliers/phase1/cables-electrical/rr-kabel-1.jpg|/images/suppliers/phase1/cables-electrical/rr-kabel-2.jpg
"Jiangsu Yuhui Cable Co., Ltd.",Electrotechnical & Cabling,Cables & Electrical,China,Wuxi,,https://yuhuicable.en.made-in-china.com/,,,"Made-in-China lists Jiangsu Yuhui Cable Co., Ltd. as a Manufacturer/Factory & Trading Company in Wuxi, Jiangsu, established 2006-05-25, with 60 employees and plant area 26,928 m2 (SGS-verified fields on the company overview). The company manufactures 0.6/1kV-26/35kV power cable, control cable, aerial insulated cable, fire-resistant cable, aluminum alloy cable, photovoltaic cable and energy storage cable, plus a subsidiary for cable accessories up to 220 kV. Management-system certifications shown are ISO9001:2015, ISO14001 and ISO45001:2018; product certification CCC; also claimed National Industrial Production License and type-test reports at 1 kV through 220 kV. Listed main export region is Southeast Asia/Mideast; MOQ 100 meters; 9 production lines.",https://image.made-in-china.com/214f0j00IMrGUvpyOPgW/Jiangsu-Yuhui-Cable-Co-Ltd-.webp,/images/suppliers/phase1/cables-electrical/jiangsu-yuhui-1.jpg,"PVC/XLPE insulated PVC-sheathed power cable (Cu and Al)|Control cable and fire-protective/LSZH cable|Aerial insulated, photovoltaic and energy storage cable|66-220 kV cable accessories (subsidiary)",ISO 9001:2015|ISO 14001|ISO 45001:2018|CCC,100 meters (Made-in-China company overview),,,https://yuhuicable.en.made-in-china.com/company-MBdQJbWUHKkp/Jiangsu-Yuhui-Cable-Co-Ltd.html,/images/suppliers/phase1/cables-electrical/jiangsu-yuhui-1.jpg|/images/suppliers/phase1/cables-electrical/jiangsu-yuhui-2.jpg
"Shanghai Shenghua Cable (Group) Co., Ltd.",Electrotechnical & Cabling,Cables & Electrical,China,Shanghai,,https://www.shenghuacablegroup.com/,,,"Shanghai Shenghua Cable Group, founded in 1997, is a large Chinese wire and cable manufacturer headquartered at No. 7577 Hunan Road, Pudong New District, Shanghai; a factory address is given as No. 188 Yuanzhong Road, Nanhui Industry Park, Shanghai. About pages state multiple manufacturing bases (Shanghai, Jiangsu, Anhui, Henan, Heilongjiang, Ningxia and others) producing 110 kV and below power cable, control cable, fireproof/mining/locomotive/rail/photovoltaic/marine/nuclear cables and building wire under brands including SHANCABLE and Xin Xin. Group pages claim ISO 9001:2015, ISO 14001, ISO 45001:2018, CCC/3C, CCS ship inspection, MA coal-safety, CE and KEMA, and exports to more than 60 countries (export share stated as 70-80% on shanpowercable.com). Listed as Manufacturer on the company profile, with OEM/ODM cable supply.",https://www.shanpowercable.com/photo/cl19658438-shanghai_shenghua_cable_group_co_ltd.jpg,/images/suppliers/phase1/cables-electrical/shenghua-2.jpg,"XLPE insulated LV/MV power cable (up to 110 kV stated)|PVC insulated cable and building/electrical wire (H05V-K / H07V-K)|Armoured, LSZH, fire-resistant and control/instrument cable|Aerial bundled, rubber, PV and special cables",ISO 9001:2015|ISO 14001 (page text also cites ISO14001:2005)|ISO 45001:2018|CCC / 3C; CCS (ship); MA (coal safety); CE; KEMA (claimed),Flexible MOQ (stated on shenghuacablegroup.com; no numeric MOQ published on the pages reviewed),,,https://www.shanpowercable.com/aboutus.html,/images/suppliers/phase1/cables-electrical/shenghua-2.jpg
"XWA Power & Cable Co., Ltd.",Electrotechnical & Cabling,Cables & Electrical,China,Xiangcheng,,https://www.xwacable.com/,,,"XWA Power & Cable Co., Ltd. states it is a direct cable (and transformer) manufacturer founded in 2007 in the 6th Industrial Park, Xiangcheng, Henan, China, with a 33,000 m2 factory, 20+ production lines and 300-600 employees. Product scope covers LV, MV and HV power cables (0.6 kV up to 500 kV stated), overhead conductors (AAC/AAAC/ACSR), ABC, control, rubber and submarine cables to IEC 60227/60502/60840 and other standards. The company publishes ISO 9001, ISO 14001, ISO 45001, CCC and CE (C143436 LVD/EMC) certificate images, exports to 60+ countries, and states trial orders as low as 200 meters. FAQ text explicitly says it is not a trading company and welcomes SGS/BV/TUV/Intertek audits.",https://www.xwacable.com/wp-content/uploads/2026/04/XWA-Chinese-Cable-Factory-1024x576.webp,/images/suppliers/phase1/cables-electrical/xwa-1.jpg,"LV / MV / HV power cable (XLPE, PVC, PE, LSZH; armoured/unarmoured)|Overhead conductors (AAC, AAAC, ACSR) and ABC cable|Control cable and rubber cable|Submarine / HVDC cable (listed on product range)",ISO 9001|ISO 14001|ISO 45001|CCC|CE C143436 LVD/EMC,Trial orders as low as 200 meters (company factory page); bulk/project MOQ depends on construction,,,https://www.xwacable.com/our-factory/,/images/suppliers/phase1/cables-electrical/xwa-1.jpg|/images/suppliers/phase1/cables-electrical/xwa-2.jpg
"Henan Huadong Cable Co., Ltd.",Electrotechnical & Cabling,Cables & Electrical,China,Jiaozuo,,https://huadongcablegroup.com/,,,"Henan Huadong Cable Co., Ltd. (Huadong Cable Group) is a joint-stock cable manufacturer founded in 1999 (Made-in-China also lists establishment 2005-06-28 / 257 employees). Factory is on the north side of Yunxiang Road West Section, Economic & Technological Development Zone, Xiuwu County, Jiaozuo, Henan; sales office Floor 6, Building 5B, No. 80 Jinshui East Road, Zhengdong New District, Zhengzhou. Company site states about 150,000 m2 factory area, about 400 employees, and exports to 130+ countries. Products: 0.6-35 kV power cables, ABC, AAC/AAAC/ACSR, control, welding, rubber and mining cables to GB/IEC/BS/ASTM/DIN and others. Made-in-China lists ISO14001, ISO9001:2015, ISO45001:2018, CCC and CE, MOQ 100 m, annual export revenue USD 12,266,352.",https://huadongcablegroup.com/wp-content/uploads/2023/11/Power-Cable-1.png,/images/suppliers/phase1/cables-electrical/huadong-1.jpg,"0.6-35 kV power / armoured cable|Overhead ABC and bare conductors (AAC, AAAC, ACSR)|Control and instrument cable|Rubber, welding and mining cable",ISO 9001:2015|ISO 14001|ISO 45001:2018|CCC|CE,100 m (Made-in-China introduce page),,,https://www.madeinchina.com/supplier/huadongcable/introduce/,/images/suppliers/phase1/cables-electrical/huadong-1.jpg|/images/suppliers/phase1/cables-electrical/huadong-2.jpg
"Shandong New Luxing Cable Co., Ltd.",Electrotechnical & Cabling,Cables & Electrical,China,Jinan,,https://www.luxingcable.com/,,,"Shandong New Luxing Cable Co., Ltd. states it was established in 1999, with headquarters at Room D901, Binhe Business Center, Tianqiao District, Jinan, Shandong, and a factory in Linyi Economic Development Zone (company-introduce). Product pages also claim three production bases in Tengzhou, Dezhou and Wuxi and 700+ employees, which is higher than the 150 employees on the company-introduce page. The factory manufactures 300/500V and 450/750V building wire, 0.6/1 kV PVC/XLPE power cable, 1.8/3 kV-26/35 kV power cable, armoured, control/instrument, ABC, rubber cable and AAC/AAAC/ACSR conductors. Company-introduce says production follows ISO 9001; product pages additionally claim CE, CCC, IEC, BS, EN and VDE. Named export regions include South America, East Asia, Africa, Southeast Asia and Europe, plus supply to State Grid Corporation of China.",https://www.luxingcable.com/Content/upload/2018247128/201801120832458816304.jpg,/images/suppliers/phase1/cables-electrical/luxing-1.jpg,"PVC house / building wire (IEC 60227 BV/RV/RVV, H07V-U, H05V-U)|0.6/1 kV PVC and XLPE power cable; armoured underground cable|MV power cable 1.8/3 kV to 26/35 kV|Control/instrument cable; ABC; AAC/AAAC/ACSR","ISO 9001 (stated on company-introduce)|ISO 9001/14000, CE, CCC, IEC, BS, EN, VDE (claimed on product pages)",,,,https://www.luxingcable.com/company-introduce,/images/suppliers/phase1/cables-electrical/luxing-1.jpg|/images/suppliers/phase1/cables-electrical/luxing-2.jpg
"People's Cable Group Co., Ltd.",Electrotechnical & Cabling,Cables & Electrical,China,Gongyi,,https://www.rmjtcable.com/,,,"People's Cable Group Co., Ltd. (RMJT) is listed on Made-in-China as Manufacturer/Factory, founded 2007, factory at No. 13 Yongding Road, Gongyi, Zhengzhou, Henan, with a later ZhuLin Town Gongyi plant for AAC/AAAC/ACSR lines. Company occupies >160,000 m2 (building area 100,000 m2) and about 500 staff. Products: PVC building wire, PVC/XLPE power cable to 35 kV, rubber/mining/welding cable, ABC to 10 kV, and bare conductors (AAC, AAAC, ACSR, ACSR/AW, AACSR, ACAR). Official site rmjtcable.com and Made-in-China cite ISO 9001, ISO 14001, OHSAS/ISO 18001, CCC and CE. Export share 51-70%; named markets include Chile, Colombia, Peru, Bolivia, USA, Germany, Spain, UK, Middle East, Africa, Southeast Asia and Mongolia. Typical listed MOQ 500-1,000 meters.",https://www.rmjtcable.com/wp-content/uploads/2023/05/DSC_5549-768x513.jpg,/images/suppliers/phase1/cables-electrical/peoples-cable-1.jpg,"PVC building / house wire|PVC and XLPE power cable up to 35 kV|ABC aerial bundled cable|Bare conductors (AAC, AAAC, ACSR and variants); rubber/mining/welding cable",ISO 9001|ISO 14001|OHSAS / ISO 18001 (MIC); OHSAS 8001 also cited on rmjtcable.com|CCC|CE (company about-us),"500-1,000 meters (typical Made-in-China product listings; some SKUs 500 m, others 1,000 m)",,,https://renmincable.en.made-in-china.com/,/images/suppliers/phase1/cables-electrical/peoples-cable-1.jpg|/images/suppliers/phase1/cables-electrical/peoples-cable-2.jpg
UltraTech Cement Limited,Construction,Construction,India,Mumbai,,https://www.ultratechcement.com/,,,"UltraTech Cement Limited is the cement company of the Aditya Birla Group and a manufacturer of grey cement, white cement, wall-care putty and ready-mix concrete. The company states a consolidated grey-cement capacity of 205.5 MTPA, with 34 integrated manufacturing units, 36 grinding units, one clinkerisation unit and 10 bulk packaging terminals, plus operations in India, the UAE, Bahrain and Sri Lanka. Its Sewagram Cement Works unit in Kutch, Gujarat, is documented as a 5.0 MTPA grey-cement and clinker plant established in 2009.",https://upload.wikimedia.org/wikipedia/commons/thumb/b/b1/Ultra_Tech_Cement_plant_at_Jafrabad.jpg/1280px-Ultra_Tech_Cement_plant_at_Jafrabad.jpg,/images/suppliers/phase1/construction/ultratech-cement-jafrabad-1.jpg,Grey cement (OPC and PPC)|White cement and wall-care putty (Birla White)|Ready-mix concrete|Clinker,ISO 9001:2015|ISO 14001:2015|ISO 50001:2011|ISO 27001:2013|NABL ISO/IEC 17025 (quality-control laboratory),,,,https://www.ultratechcement.com/about-us/overview,/images/suppliers/phase1/construction/ultratech-cement-jafrabad-1.jpg|/images/suppliers/phase1/construction/ultratech-cement-jafrabad-2.jpg
"CEMEX, S.A.B. de C.V.",Construction,Construction,Mexico,San Pedro Garza García,,https://www.cemex.com/en,,,"CEMEX is a multinational manufacturer of cement, ready-mix concrete, aggregates, admixtures and mortars, founded in 1906 and headquartered at Av. Ricardo Margáin Zozaya 325, San Pedro Garza García, Nuevo León, Mexico. Its 2025 integrated report lists 52 cement plants and grinding facilities, 225 aggregates sites and 1,136 ready-mix plants worldwide, with about 40,000 employees and US$16.1 billion in 2025 net sales. Mexico operations include 15 cement plants, 252 ready-mix plants and multiple aggregate quarries, including named cement plants at Monterrey, Tepeaca, Campana, Yaqui, Atotonilco and Tamuín.",https://upload.wikimedia.org/wikipedia/commons/7/7e/Rugby_Cemex_cement_works_7.20.jpg,/images/suppliers/phase1/construction/cemex-rugby-works.jpg,Cement|Ready-mix concrete|Construction aggregates|Admixtures and mortars,"ISO 9001 (Castillejo cement plant, Spain)|ISO 14001 (Castillejo cement plant, Spain)|ISO 45001 (Castillejo cement plant, Spain)|ISO 50001 (Castillejo cement plant, Spain)",,,,https://www.cemex.com/en,/images/suppliers/phase1/construction/cemex-rugby-works.jpg
Anhui Conch Cement Company Limited,Construction,Construction,China,Wuhu,,https://www.conch.cn/,,,"Anhui Conch Cement Company Limited is an A+H listed cement manufacturer headquartered at No. 39 Wenhua Road, Wuhu, Anhui, China, and is the core cement subsidiary of Anhui Conch Group. The listed company produces cement, commercial clinker, commercial concrete, aggregates, dry-mix mortar, tile adhesives, putty powder and waterproof coatings. Group disclosures state clinker capacity of 229 million tons, cement capacity of 415 million tons, aggregates capacity of 181 million tons and commercial-concrete capacity of 70.85 million cubic meters as of end-2025, with named 10-million-ton clinker bases at Tongling, Yingde, Chizhou, Fuyang and Wuhu and overseas factories in Belt and Road markets.",https://upload.wikimedia.org/wikipedia/commons/thumb/9/91/Jiangsu_Nanjing_Qixia_-_China_Cement_Factory_(Anhui_CONCH)_-_Zhuizi_Mt_IMG_6565.jpg/1280px-Jiangsu_Nanjing_Qixia_-_China_Cement_Factory_(Anhui_CONCH)_-_Zhuizi_Mt_IMG_6565.jpg,/images/suppliers/phase1/construction/anhui-conch-qixia.jpg,Cement|Commercial clinker|Aggregates|Commercial concrete|Dry-mix mortar,ISO 9001 (quality management system for production monitoring),,,,https://www.chinaconch.com/english/AboutConch/ConchIntroduction/,/images/suppliers/phase1/construction/anhui-conch-qixia.jpg
Heidelberg Materials AG,Construction,Construction,Germany,Heidelberg,,https://www.heidelbergmaterials.com/en,,,"Heidelberg Materials AG is a German building-materials manufacturer headquartered at Berliner Strasse 6, 69120 Heidelberg. It produces cement, aggregates, ready-mixed concrete and asphalt at thousands of sites across about 50 countries. German operations include named cement works at Burglengenfeld, Ennigerloh, Geseke, Hannover, Königs Wusterhausen, Lengfurt, Leimen, Mainz, Paderborn and Schelklingen, with VDZ Cert management-system certificates covering development, production and distribution of cement, lime products, gypsum, sand and gravel.",https://upload.wikimedia.org/wikipedia/commons/1/1c/HeidelbergCement_Hannover-Misburg.jpg,/images/suppliers/phase1/construction/heidelberg-ennigerloh.jpg,"Cement|Aggregates (sand, gravel, crushed stone)|Ready-mixed concrete|Asphalt",DIN EN ISO 50001:2018|DIN EN ISO 9001:2015|DIN EN ISO 14001:2015,,,,https://www.heidelbergmaterials.com/en,/images/suppliers/phase1/construction/heidelberg-ennigerloh.jpg|/images/suppliers/phase1/construction/heidelberg-hannover.jpg
Commercial Metals Company,Construction,Construction,United States,Irving,,https://www.cmc.com/,,,"Commercial Metals Company (NYSE: CMC) is a steel manufacturer headquartered at 6565 N. MacArthur Blvd., Irving, Texas. It operates electric-arc-furnace mini and micro mills that melt recycled scrap into long products and is described by the company as the largest U.S. producer of concrete reinforcing bar. Named mill locations include Birmingham, Alabama; Magnolia, Arkansas; Mesa, Arizona; Jacksonville, Florida; Sayreville, New Jersey; Durant, Oklahoma; Cayce, South Carolina; Knoxville, Tennessee; and Seguin, Texas, supported by a North American rebar fabrication network.",https://www.cmc.com/getmedia/4bfa8be1-1d30-462b-b177-3e497888de9a/repurposed-bonus-fab.jpg,/images/suppliers/phase1/construction/cmc-fab.jpg,"Steel reinforcing bar (straight, coiled and spooled rebar)|Merchant bar and light structural shapes|Wire rod|Fabricated rebar and construction products","ISO 9001:2015 (CMC Steel Alabama, New Jersey, South Carolina, Texas)|ASTM A615 / ASTM A706 rebar grades|Product-specific EPDs certified to ISO 21930 and ISO 14025 (ASTM / SCS PCR)",,,,https://www.cmc.com/en-us/what-we-do/america/mill-products/rebar,/images/suppliers/phase1/construction/cmc-fab.jpg|/images/suppliers/phase1/construction/cmc-rebar.jpg
Vulcan Materials Company,Construction,Construction,United States,Birmingham,,https://www.vulcanmaterials.com/,,,"Vulcan Materials Company (NYSE: VMC) is a construction-aggregates manufacturer headquartered at 1200 Urban Center Drive, Birmingham, Alabama. The 2024 annual report states 423 active aggregates facilities as of 31 December 2024, plus 70 asphalt facilities and 74 concrete facilities. Products are crushed stone, sand and gravel from deposits such as granite, limestone and trap rock, with additional asphalt mix, ready-mixed concrete, railroad ballast and recycled concrete/asphalt at selected sites.",https://images.contentstack.io/v3/assets/bltfd7cf707acd5b8e3/blta9f9d5126bba7cce/68caf82948d330540b41bf0c/HERO_Miami_Quarry-1628_Cropped.png,/images/suppliers/phase1/construction/vulcan-medina.jpg,"Crushed stone, sand and gravel (construction aggregates)|Asphalt mix|Ready-mixed concrete|Railroad ballast and recycled aggregates",,,,,https://www.vulcanmaterials.com/construction-materials,/images/suppliers/phase1/construction/vulcan-medina.jpg|/images/suppliers/phase1/construction/vulcan-miami-quarry.jpg
Zamil Steel Pre-Engineered Buildings Co. Ltd.,Construction,Construction,Saudi Arabia,Dammam,,https://zamilsteel.com/,,,"Zamil Steel Pre-Engineered Buildings Co. Ltd. is a steel-building manufacturer headquartered in Dammam 1st Industrial City, PO Box 877, Dammam 31421, Saudi Arabia. The company operates PEB factories in Dammam (described as the world's largest single PEB plant, 74,000 sq m site, 400,000 sq m/month capacity), Pune and Trichy (India), 6th of October City and Sadat (Egypt), and Ho Chi Minh City (Vietnam). Combined PEB capacity is stated at more than 10 million square meters per year and about 500,000 MT of fabricated steel per year across ten factories; the company says it has supplied over 90,000 buildings to more than 90 countries.",https://zamilsteel.com/peb/en/img/manufacturing.jpg,/images/suppliers/phase1/construction/zamil-steel-factory-aerial.jpg,Pre-engineered steel buildings (PEB)|Insulated and sandwich wall/roof panels|Fabricated structural steel|High-rise and industrial steel structures,"ISO 9001 (design and manufacturing facilities; PEB quality-assurance page cites ISO 9001 procedures)|ISO 9001:2015, ISO 14001:2015 and ISO 45001:2018 (Zamil Structural Steel, Saudi Arabia)|AISC 207 (Zamil Structural Steel, Saudi Arabia)",,,,https://zamilsteel.com/peb/en/manufacturing,/images/suppliers/phase1/construction/zamil-steel-factory-aerial.jpg|/images/suppliers/phase1/construction/zamil-steel-manufacturing.jpg
Magicrete Building Solutions Private Limited,Construction,Construction,India,Surat,,https://www.magicrete.in/,,,"Magicrete Building Solutions Private Limited is an AAC (autoclaved aerated concrete) block and dry-mix manufacturer founded in 2008, with corporate office at 101-102, Ritz Square, Ghod Dod Road, Surat, Gujarat. IndiaMART lists the firm as a manufacturer (GST 24AAFCM5517N1Z8, TrustSEAL verified). Official manufacturing-unit pages name plants at Navsari (Gujarat), Jhajjar (Haryana) and Wada (Maharashtra), plus additional units at Attibele (Karnataka), Shoolagiri (Tamil Nadu) and Khimsar (Rajasthan), with stated installed capacity of 1,300,000 CBM/year. AAC blocks are specified to IS 2185 Part-3.",https://4.imimg.com/data4/BC/PD/MY-2511554/magicrete-building-solutions-private-limited-120x120.png,https://4.imimg.com/data4/BC/PD/MY-2511554/magicrete-building-solutions-private-limited-120x120.png,AAC blocks (Magic Blox)|AAC wall panels|Tile adhesives and grouts|Block-joining mortar / dry-mix plasters|Waterproofing products,"BIS licence IS 6072:2023 (Navsari factory, CM/L 7100045186)|IS 2185 Part-3 (AAC blocks)|ISO 9001 / ISO 14001 / ISO 18001 (as listed on TradeIndia company profile)",,,,https://www.indiamart.com/magicrete-building/,https://4.imimg.com/data4/BC/PD/MY-2511554/magicrete-building-solutions-private-limited-120x120.png
"Hangxiao Steel Structure (Shandong) Co., Ltd.",Construction,Construction,China,Qingdao,,https://www.hxsssd.com/,,,"Hangxiao Steel Structure (Shandong) Co., Ltd. is a wholly owned subsidiary of listed Hangxiao Steel Structure Co., Ltd. (SSE: 600477), with factory address No. 8 Yunxi Road, Jiaozhou Bay Industrial Park, Qingdao, Shandong. Made-in-China lists it as an audited Manufacturer/Factory & Trading Company established 12 December 2001, 535 employees, 10,000 sq m plant area, two production lines and 100,000,000 RMB registered capital. The Shandong mill fabricates prefabricated steel-structure industrial buildings, large-span space frames and multi-storey/high-rise steel frames; the parent group, founded 1985 in Hangzhou, states projects in more than 70 countries.",https://www.hxss.com.cn/upload/at/image/20220316/16474010691202958052.png,/images/suppliers/phase1/construction/hangxiao-steel-1.jpg,Prefabricated steel-structure industrial warehouses and workshops|Large-span space-frame steel structures|Multi-storey and high-rise steel frames|H-beam / steel-structure components,"ISO 9001:2015|ISO 14001|ISO 45001:2018|EN 1090-2 / CPR 1090-1 (parent Hangxiao Steel Structure Co., Ltd.)|AISC system certification (parent Hangxiao Steel Structure Co., Ltd.)",100 tons (company-level MOQ on Made-in-China profile); product listings also show 100 square meters,,,https://www.madeinchina.com/supplier/hxsssd/introduce/,/images/suppliers/phase1/construction/hangxiao-steel-1.jpg|/images/suppliers/phase1/construction/hangxiao-steel-2.jpg
"Chaoda Valves Group Co., Ltd.",Industrial Equipment,Industrial Parts,China,Wenzhou,,http://www.chinavalve.com,,,"Chaoda Valves Group Co., Ltd. was established in 1984 in Oubei, Yongjia County, Wenzhou, Zhejiang, and is listed on Made-in-China as a Manufacturer/Factory with two specialized manufacturing plants plus a wholly owned investment-casting foundry in Qingtian. The group manufactures industrial steel valves to API, ASME, EN, ISO, JIS, DIN, BS, GOST and GB standards, with featured products including metal-seated ball valves, bellow-sealed valves and wafer check valves. Made-in-China lists about 500 employees, more than 10 production lines, factory address on Jiangbei Street in Oubei, and prior-year valve output of 30,000 tons.",https://image.made-in-china.com/206f0j00nauTLkjEqQpF/Chaoda-Valves-Group-Co-Ltd-.jpg,/images/suppliers/phase1/industrial-parts/chaoda-1.jpg,Ball valves|Gate valves|Globe valves|Check valves|Butterfly valves|Metal-seated ball valves,ISO 9001|ISO 14001|OHSAS/OHSMS 18001|API 6D|API 600|API 607|API 6FA|CE/PED,1 piece (Made-in-China product listings),,,https://chaodavalves.en.made-in-china.com/,/images/suppliers/phase1/industrial-parts/chaoda-1.jpg|/images/suppliers/phase1/industrial-parts/chaoda-2.jpg|/images/suppliers/phase1/industrial-parts/chaoda-3.jpg|/images/suppliers/phase1/industrial-parts/chaoda-4.jpg
"Neway Valve (Suzhou) Co., Ltd.",Industrial Equipment,Industrial Parts,China,Suzhou,,https://www.newayvalve.com,,,"Neway Valve (Suzhou) Co., Ltd. is an industrial-valve manufacturer headquartered at No. 666 Taishan Road, Suzhou New District, Jiangsu, and listed on the Shanghai Stock Exchange as 603699. Company materials describe a multi-plant system with foundries, an API 6A plant and the Taishan assembly base, which produces ball, butterfly, gate, globe, check and control valves. The 2025 company profile states the Taishan plant was built in March 2006 and spans about 2.5 million square feet, with machining shops, painting facilities, robots, a 3D components warehouse and testing labs.",https://www.newayvalve.com/upload/jpg/202211/img1.jpg,/images/suppliers/phase1/industrial-parts/neway-1.jpg,Ball valves|Butterfly valves|Gate valves|Globe valves|Check valves|Control valves|API 6A valves|Subsea valves|Nuclear valves|Safety valves|Plug valves,ISO 9001|API 6A|API 6D|CE/PED|ASME UV / NBBI|API 6DSS (subsea),,,,https://www.newayvalve.com/upload/pdf/202507/01%20Company%20Profile-2025.pdf,/images/suppliers/phase1/industrial-parts/neway-1.jpg
"Leo Group Pump (Zhejiang) Co., Ltd.",Industrial Equipment,Industrial Parts,China,Wenling,,https://www.leopump.com/en/,,,"Leo Group Pump (Zhejiang) Co., Ltd. is the Wenling production subsidiary of LEO Group Co., Ltd., a Shenzhen-listed pump maker (002131) founded in 1995. The official manufacturer page states the group runs five production bases covering about 600,000 m², with about 6,000 employees and roughly 6 million pumps produced yearly, and products sold in more than 160 countries and regions. The Zhejiang base at No. 1, 3rd Street, East Industry Center, Wenling, manufactures domestic, commercial, garden and related pumps; industrial-pump capacity is described at additional group bases in Xiangtan, Hunan and Dalian, Liaoning. Alibaba lists the Zhejiang entity as a Custom Manufacturer of water, centrifugal, submersible, solar and multistage pumps.",https://www.leopump.com/en/bocupload/2023/08/09/LEO-PUMP-company.jpg,/images/suppliers/phase1/industrial-parts/leo-pump-1.jpg,Centrifugal pumps|Submersible pumps|Multistage pumps|Jet pumps|Circulation pumps|Solar pumps|Gasoline water pumps,ISO 9001|ISO 14001|OHSAS/OHSMS 18001|ISO 17025,,,,https://www.leopump.com/en/pump-manufacturer.html,/images/suppliers/phase1/industrial-parts/leo-pump-1.jpg|/images/suppliers/phase1/industrial-parts/leo-pump-2.jpg
"Nanfang Pump Industry Co., Ltd.",Industrial Equipment,Industrial Parts,China,Hangzhou,,https://cnppump.com,,,"Nanfang Pump Industry Co., Ltd. (CNP) was founded in 1991 in Hangzhou and listed on the Shenzhen Stock Exchange in 2010 (stock code 300145). The official About page states the company operates 21 subsidiaries, more than 5,000 employees, 3 R&D centers and 8 manufacturing bases, with annual output of about 1.2 million units and exports to over 90 countries. Hangzhou headquarters specializes in stainless-steel stamped and welded centrifugal pumps used in water supply, HVAC, water treatment, fire protection and industrial service; the company describes a Hangzhou smart factory using SAP, robotic laser welding and 100% factory inspection, plus a CNAS-certified laboratory.",https://usimg.bjyyb.net/sites/51500/51534/20200421104726979.jpg,/images/suppliers/phase1/industrial-parts/nanfang-1.jpg,Stainless steel vertical multistage centrifugal pumps|End-suction pumps|Inline pumps|Split-case pumps|Sewage pumps|Deep-well pumps,ISO 9001|ISO 14001|CNAS laboratory accreditation|CE,,,,https://cnppump.com/ABOUT_CNP.html,/images/suppliers/phase1/industrial-parts/nanfang-1.jpg
"Zhejiang Zhiju Pipeline Industry Co., Ltd.",Industrial Equipment,Industrial Parts,China,Wenzhou,,https://www.zhiju-steel.com/,,,"Zhejiang Zhiju Pipeline Industry Co., Ltd. (also listed as Wenzhou Zhiju Pipe Fitting Co., Ltd.) was established in 1991 and is recorded on Made-in-China as a Manufacturer/Factory of stainless steel pipe fittings and forged flanges, not a trading company. The factory address is Tonghai Road, Gaoxin Industrial Zone, Longwan District, Wenzhou; the official site also lists No. 1199 Yansheng Road, Kunpeng Street, Wenzhou Marine Economic Development Demonstration Zone. Made-in-China reports 10 production lines, own-brand ZHIJU PIPE, prior-year fittings output of 2,000 tons, and an export license in the name WENZHOU ZHIJU PIPE CO.,LTD.",https://image.made-in-china.com/206f0j00ZTQEtjrIFags/Zhejiang-Zhiju-Pipeline-Industry-Co-Ltd-.jpg,/images/suppliers/phase1/industrial-parts/zhiju-1.jpg,Butt-weld pipe fittings|Elbows|Tees|Reducers|Flanges|Pipe caps|Lap-joint stub ends|Sanitary fittings,ISO 9001|ISO 14001|PED|BV,10 pieces (Made-in-China product listings; some items 50–100 pieces),,,https://zhiju123.en.made-in-china.com/,/images/suppliers/phase1/industrial-parts/zhiju-1.jpg|/images/suppliers/phase1/industrial-parts/zhiju-2.jpg
"Wafangdian Bearing Group Corp., Ltd.",Industrial Equipment,Industrial Parts,China,Wafangdian,,https://zwz-bearing.com/en/,,,"Wafangdian Bearing Group Corp., Ltd. (ZWZ) is a large-scale bearing manufacturer based at No. 1 Beigongji Street, Wafangdian, Liaoning, in the historic center of China’s bearing industry. The official site states the group has 9 manufacturing bases, 10 business divisions and 26 wholly-owned or holding subsidiaries, producing more than 20,000 specifications across ten bearing categories from 20 mm inner diameter to 16 m outer diameter. Products are used in industrial equipment, railway, automotive, wind power and special applications; the group operates a national large-scale bearing engineering and technology research center plus overseas R&D in Europe and the United States.",https://www.zwz-bearing.com/en/Public/Upload/image/20210926/163262643829c35cdd9e09e547.jpg,/images/suppliers/phase1/industrial-parts/zwz-1.jpg,Deep groove ball bearings|Spherical roller bearings|Tapered roller bearings|Cylindrical roller bearings|Slewing bearings|Thrust bearings|Joint bearings,ISO 9000 / ISO 9001 family|ISO 14001|QS9000|ISO 18000,,,,https://zwz-bearing.com/en/,/images/suppliers/phase1/industrial-parts/zwz-1.jpg|/images/suppliers/phase1/industrial-parts/zwz-2.jpg
"Luoyang Huigong Bearing Technology Co., Ltd.",Industrial Equipment,Industrial Parts,China,Luoyang,,https://www.chgbearings.com/en,,,"Luoyang Huigong Bearing Technology Co., Ltd. (brand CHG), established in 1998, designs and manufactures rolling-mill bearings, high-precision thin-section bearings and large high-end rollers at No. 999 Guanlin Road, Luolong District, Luoyang, Henan. The company profile states a site of 39,330 m², more than 350 employees, over 150 production machines and 2023 output value of about CNY 150 million. Rolling-mill bearings are described as the flagship line (inner diameters 90 mm to 1,400 mm); thin-section bearings are offered from 1 inch to 40 inches with accuracy up to P2. Products are stated to be supplied to more than 30 countries and regions.",https://www.lyhgbearing.com/images/huigong_01_04.jpg,/images/suppliers/phase1/industrial-parts/huigong-2.jpg,Rolling mill bearings|Thin-section bearings|Slewing bearings|Crossed roller bearings|Large cylindrical/tapered/spherical rollers|Precision angular contact ball bearings,ISO 9001:2015|ISO 14001:2015|ISO 45001:2018,,,,https://www.chgbearings.com/en/CompanyProfile/index.html,/images/suppliers/phase1/industrial-parts/huigong-2.jpg
"Tong Ming Enterprise (Zhejiang) Co., Ltd.",Industrial Equipment,Industrial Parts,China,Jiaxing,,https://eng.tonggroup.com.tw/,,,"Tong Ming Enterprise (Zhejiang) Co., Ltd. (浙江东明不锈钢制品股份有限公司) is the principal operating factory of Tong Ming Enterprise Co., Ltd., a Taiwan Stock Exchange-listed stainless-steel fastener group (ticker 5538). The Jiaxing Economic Development Zone plant was founded in December 1995 at No. 88 Chang Sheng Road (East), Jiaxing, on a 152,000 m² site producing more than 120,000 tonnes per year of stainless steel fasteners and wire. Fastener World and the group site describe two production plants, an automated warehouse (from 2004) and a newer Gaoke fastener plant in production since October 2023. Main products are screws, nuts, threaded rod and stainless steel wire under the TONG / THE head mark.",https://eng.tonggroup.com.tw/uploads/1/6/0/5/16052026/2376290501.png,http://www.the.com.cn/upload/202512/watermark/1766977781.png,Hexagon head bolts|Hexagon nuts|Tapping screws|Machine screws|Threaded rod|Flange nuts|Stainless steel wire,ISO 9001|ISO 14001|CE / PED,,,,https://eng.tonggroup.com.tw/,http://www.the.com.cn/upload/202512/watermark/1766977781.png|http://www.the.com.cn/upload/202105/watermark/1620280417871694.jpg
Sundram Fasteners Limited,Industrial Equipment,Industrial Parts,India,Chennai,,https://sundram.com/,,,"Sundram Fasteners Limited is a TVS Group manufacturer of high-tensile fasteners and precision metal components, incorporated in 1962 with production starting in 1966 and registered office at 98-A, Dr. Radhakrishnan Salai, Mylapore, Chennai. IndiaMART lists the firm as a Manufacturer. Indian factories named in company filings include Padi, Hosur, Aviyur, Gummidipoondi, Mahindra World City SEZ and others, plus overseas plants Sundram Fasteners (Zhejiang) Limited in China and Cramlington Precision Forge Limited in the UK. Product lines cover high-tensile fasteners (about M3 to M80), powder-metal parts, cold-extruded and hot-forged components, radiator caps and automotive pumps.",https://sundram.com/images/row-1/fasteners-one.jpg,/images/suppliers/phase1/industrial-parts/sundram-1.jpg,High-tensile fasteners|Hot-forged parts|Cold-extruded parts|Powder-metal components|Radiator caps|Automotive pumps|Powertrain components,IATF 16949|ISO 14001|ISO 45001|ISO/IEC 17025,,,,https://www.indiamart.com/sundram-fastener-limited/aboutus.html,/images/suppliers/phase1/industrial-parts/sundram-1.jpg|/images/suppliers/phase1/industrial-parts/sundram-2.jpg
Kirloskar Brothers Limited,Industrial Equipment,Industrial Parts,India,Pune,,https://www.kirloskarpumps.com/,,,"Kirloskar Brothers Limited (KBL), founded in 1888 and incorporated in 1920 (CIN L29113PN1920PLC000670), manufactures pumps and industrial valves. Global headquarters is Yamuna, Survey No. 98/(3-7), Baner, Pune; the mother plant at Kirloskarvadi, Sangli district, Maharashtra (established 1910) runs foundry through machining, assembly and testing of pumps from 5 kW to 4,500 kW and a dedicated valve shop. The company states manufacturing facilities in India, the UK, the Netherlands and the USA and customers in over 130 countries. Bureau Veritas IMS certificate C728093 covers design and manufacture of centrifugal pumps, hydel turbines, a wide valve range and ferrous/non-ferrous/alloy steel castings at Kirloskarvadi and other Indian sites.",https://media-eshop.kirloskarpumps.com/media/catalog/product/w/e/web_banner_ord_10782_kdi-01_1_7.jpg,/images/suppliers/phase1/industrial-parts/kirloskar-1.jpg,Centrifugal pumps|Split-case pumps|Vertical turbine pumps|Process pumps|Butterfly valves|Sluice/gate valves|Check valves|Knife-edge gate valves,ISO 9001:2015|ISO 14001:2015|ISO 45001:2018|ISO 50001:2018,,,,https://www.kirloskarpumps.com/,/images/suppliers/phase1/industrial-parts/kirloskar-1.jpg|/images/suppliers/phase1/industrial-parts/kirloskar-2.jpg
"Shandong Corruone New Material Co., Ltd.",Plastics & Packaging,Packaging,China,Anqiu,,https://www.corruone.com/,,,"Made-in-China lists Shandong Corruone New Material Co., Ltd. as a Manufacturer/Factory founded in 2008, producing corrugated plastic sheets, PP honeycomb sheet, corrugated plastic boxes, signs, layer pads and related products. The listed factory is in Xin'an Subdistrict, Anqiu, Weifang, Shandong, with three sheet production lines plus finishing lines for boxes and signs. The company states ISO 9001, ISO 14001, ISO 45001 and IATF 16949 on its site and Made-in-China profile, and names North America, South America, Southeast Asia, Oceania, the Mid East and Western Europe as main markets. Typical listed MOQ on sheet products is 500 kg.",https://www.corruone.com/photo/cs150656131-shandong_corruone_new_material_co_ltd.jpg,/images/suppliers/phase1/packaging/corruone-1.jpg,PP corrugated plastic sheets (coroplast/corflute)|Corrugated plastic boxes and turnover boxes|PP honeycomb sheets and layer pads,ISO 9001|ISO 14001|ISO 45001|IATF 16949,500 kg (typical sheet listings on Made-in-China),,,https://china-coroplast.en.made-in-china.com/,/images/suppliers/phase1/packaging/corruone-1.jpg|/images/suppliers/phase1/packaging/corruone-2.jpg
"Dongguan Yalan Packing Materials Co., Ltd.",Plastics & Packaging,Packaging,China,Dongguan,,https://www.yalanpack.com/,,,"Made-in-China classifies Dongguan Yalan Packing Materials Co., Ltd. as a Manufacturer/Factory at No. 230 West Liuhua Street, Xiakou, Dongcheng District, Dongguan. The legal entity is listed as established 21 January 2009; the firm produces LLDPE stretch film, PP/PET strapping, BOPP packing tape and related packing materials under the Junxing brand. Company pages state ISO 9001:2015 and SGS product testing, a plant of about 18,000 square meters, and jumbo stretch-film listings with MOQs from 1,000 kg. The factory address on the company site matches the Made-in-China factory address.",https://bsg-i.nbxc.com/company/38/bbb6f68c3c435524e4a7484629dfa2.jpg,/images/suppliers/phase1/packaging/yalan-1.jpg,LLDPE hand and machine stretch film|Jumbo/master-roll stretch film|PP/PET strapping and BOPP packing tape,"ISO 9001:2015|SGS (product testing, as stated by company)","1,000 kg (jumbo stretch film listings)",,,https://yalanpacking.en.made-in-china.com/,/images/suppliers/phase1/packaging/yalan-1.jpg|/images/suppliers/phase1/packaging/yalan-2.jpg
"Jiangsu Jieyuan Container Co., Ltd.",Plastics & Packaging,Packaging,China,Zhenjiang,,https://jieyuanpackaging.com/,,,"Jiangsu Jieyuan Container Co., Ltd. (formerly Jinshan Pack) is an IBC manufacturer founded in 1994, with headquarters at No. 69 Hengyuan Road, Dantu Industrial Park, Zhenjiang, Jiangsu. Made-in-China lists ISO 9001:2015 and ISO 14001; the company site also states UN certification and FSSC 22000 and says it co-drafted China's GB/T 19161 IBC standard. The site describes seven automated production bases, a Zhenjiang flagship plant, and composite IBCs in 500L–1200L plus food-grade, UV-blocking and anti-static variants. Products and IBC production machinery are shown on the company site and Made-in-China storefront.",https://jieyuanpackaging.com/wp-content/uploads/2025/12/factory-3.webp,/images/suppliers/phase1/packaging/jieyuan-1.jpg,"1000L and 1200L composite IBC tanks|500L horizontal and vertical IBCs|Food-grade, anti-static and explosion-proof IBCs and accessories","ISO 9001:2015|ISO 14001|FSSC 22000|UN certification (IBC, as stated by company)",,,,https://jieyuanpackaging.en.made-in-china.com/,/images/suppliers/phase1/packaging/jieyuan-1.jpg|/images/suppliers/phase1/packaging/jieyuan-2.jpg
"Hangzhou Hansin New Packing Material Co., Ltd.",Plastics & Packaging,Packaging,China,Hangzhou,,https://hansinpacking.com/,,,"Hangzhou Hansin New Packing Material Co., Ltd. is listed on Made-in-China as a manufacturer of aseptic bags, bag-in-box, IBC liners and related liquid flexible packaging, with the factory at No. 98 Dakang Road, Qingshanhu Science and Technology City, Lin'an, Hangzhou. Founded in 2006, the company states it helped draft China's national standard for composite bags for aseptic packaging of liquid foods and is an Asian member of the European Aseptic Bag Manufacturers Association. Made-in-China lists ISO 9001 and ISO 22000; the company certificate page also lists BRC, FSSC 22000, ISO 45001, Halal and Kosher. Aseptic-bag listings commonly show MOQ of 2,000 pieces, with named export regions including the Middle East, Southeast Asia, South America and North Africa.",https://image.made-in-china.com/206f0j00CagEonTsItuD/Hangzhou-Hansin-New-Packing-Material-Co-Ltd-.webp,/images/suppliers/phase1/packaging/hansin-2.jpg,Aseptic bags for liquid food (including 220L)|Bag-in-box liners|IBC liners and form-fit liners (1000L–1500L),"ISO 9001|ISO 22000|FSSC 22000|BRC (BRCGS, as stated by company)","2,000 pieces (typical aseptic-bag listings on Made-in-China)",,,https://hansinpack.en.made-in-china.com/,/images/suppliers/phase1/packaging/hansin-2.jpg
Dongguan Caicheng Printing Factory,Plastics & Packaging,Packaging,China,Dongguan,,https://www.ccprinting.cn/,,,"Dongguan Caicheng Printing Factory (export brand PACKCCP) is listed on Made-in-China as a Manufacturer/Factory of paper boxes, gift boxes and paper bags, established in 1996 at Luwu Industrial Zone, Chashan Town, Dongguan. The Made-in-China profile and company sites describe Heidelberg offset printing, lamination, foil stamping and box-gluing lines, with ISO 9001, FSC and Sedex/BSCI stated. PACKCCP says it exports to 50+ countries including the UK, Australia, Middle East, Russia and Singapore, and lists MOQ from 500 pieces on custom box/bag listings. Factory and certificate images are published on packccp.com.",https://packccp.com/wp-content/uploads/2026/07/pacckccp-factory-1.webp,/images/suppliers/phase1/packaging/caicheng-1.jpg,Folding cartons and paper boxes|Rigid/magnetic gift boxes|Corrugated mailer boxes and printed paper bags,ISO 9001|FSC|SEDEX|BSCI,500 pieces (Made-in-China and PACKCCP listings),,,https://www.made-in-china.com/showroom/christinaccprinting/,/images/suppliers/phase1/packaging/caicheng-1.jpg|/images/suppliers/phase1/packaging/caicheng-2.jpg
"Wuxi Sifang Youxin Co., Ltd.",Plastics & Packaging,Packaging,China,Wuxi,,https://www.wxsfgroup.com/,,,"Wuxi Sifang Youxin Co., Ltd. is a steel-drum and industrial packaging manufacturer in Binhu District, Wuxi, Jiangsu (office listed at No. 48 Changkang Road, Mashan). The company dates industrial roots to 1977 and states four packaging production bases making 4–230L open- and closed-head steel drums and IBC totes, with claimed annual capacity of 12 million units. Product pages state UN/ISO compliance for industrial liquid packaging; named industrial customers on the about page include Sinopec and BASF. Tianyancha records the registered Chinese legal name 无锡四方友信股份有限公司 at a Mashan, Binhu, Wuxi address.",https://shopcdnpro.grainajz.com/category/403801/4007/23ffb72114e9cc748992f1f65bc9fe8a/image.png,/images/suppliers/phase1/packaging/sifang-2.jpg,Tight-head and open-head steel drums (including 200L/210L)|Composite/lined steel drums|IBC totes,UN packaging standards (as stated on product pages),,,,https://www.wxsfgroup.com/about-us,/images/suppliers/phase1/packaging/sifang-2.jpg
Meghdoot Packaging (Uttaranchal),Plastics & Packaging,Packaging,India,Rudrapur,,https://meghdootpackaging.com/,,,"Meghdoot Packaging is an Indian corrugated-box manufacturer with a manufacturing campus at Khasra No. 73/89/90ka/91, Dineshpur Road, Jafarpur, Udham Singh Nagar, Uttarakhand 263153 (Rudrapur area), plus a New Delhi site. GSTIN 05AAQFM3933Q1ZL and an active LEI record the same Uttarakhand factory/manufacturing address. The company site describes multi-colour corrugated cartons, fruit and vegetable cartons, and 6-colour flexo post-print, with ISO 9001:2015 and FSC-certified materials stated. Named customers on the site include Nestlé, Reckitt Benckiser, Tata Global Beverages, Flipkart, Zara, Puma and Adidas.",https://meghdootpackaging.com/wp-content/uploads/2025/06/New-Project.jpg,/images/suppliers/phase1/packaging/meghdoot-1.jpg,Multi-colour printed corrugated boxes|RSC and export shipping cartons|Fruit and vegetable corrugated cartons,ISO 9001:2015|FSC-certified materials (as stated by company),,,,https://meghdootpackaging.com/,/images/suppliers/phase1/packaging/meghdoot-1.jpg|/images/suppliers/phase1/packaging/meghdoot-2.jpg
"Shangyue (Shanghai) Printing Co., Ltd.",Plastics & Packaging,Packaging,China,Shanghai,,https://www.sh-sylabel.com/,,,"Shangyue (Shanghai) Printing Co., Ltd. (Sy Label) is a self-adhesive label manufacturer established in 2001, with the factory at Building A, No. 1688 Minta Road, Shihudang Town, Songjiang District, Shanghai. Made-in-China lists ISO 9001 and FSC; the company site also states FSC CoC and in-house coating plus converting (thermal, laser/inkjet, and printed labels). The firm states additional plants in Shenzhen, Kunshan and Jinan. U.S. import records on ImportYeti use the same Songjiang factory address, supporting that it is a producing exporter rather than a trading desk.",https://ecdn6.globalso.com/upload/p/4332/image_other/2025-08/banner4.jpg,/images/suppliers/phase1/packaging/shangyue-1.jpg,Direct thermal and thermal-transfer labels|A4/letter sheet labels|Custom printed self-adhesive labels and jumbo label rolls,ISO 9001|FSC,,,,https://www.made-in-china.com/showroom/afinazhang/,/images/suppliers/phase1/packaging/shangyue-1.jpg|/images/suppliers/phase1/packaging/shangyue-2.jpg
UFlex Limited,Plastics & Packaging,Packaging,India,Noida,,https://www.uflexltd.com/,,,"UFlex Limited is an NSE/BSE-listed Indian flexible-packaging manufacturer founded in 1985, with corporate office at A-107-108, Sector-IV, Noida, and film plants including A-1, Sector-60, Noida. The company manufactures BOPET, BOPP, CPP and metallized films, converted flexible packaging (pouches, laminates, tubes) and aseptic liquid packs, with additional Indian plants in Jammu, Dharwad, Sanand, Panipat and Malanpur and overseas film plants in the UAE, Egypt, Mexico, USA, Poland, Russia, Nigeria and Hungary. Noida plant accreditations published by UFlex include DNV-GL ISO 9001:2015, FSSC 22000 and BRC Global Standard for Packaging Materials. The site states clients in about 140 countries.",https://www.uflexltd.com/assets/images/sliders/Manufacturing-Facilities-banner.jpg,/images/suppliers/phase1/packaging/uflex-1.jpg,"BOPET, BOPP, CPP and metallized packaging films|Converted flexible packaging (pouches, laminates, 4D bags)|Aseptic liquid packaging (Asepto) and flexible tubes","ISO 9001:2015 (Noida plant, DNV-GL)|FSSC 22000 (Noida plant, DNV-GL)|BRC Global Standard for Packaging Materials (Noida plant, DNV-GL)|ISO 14001:2015 (Packaging Films, Noida, TÜV Rheinland)",,,,https://www.uflexltd.com/,/images/suppliers/phase1/packaging/uflex-1.jpg|/images/suppliers/phase1/packaging/uflex-2.jpg
"Shandong Dingsheng Container Co., Ltd.",Plastics & Packaging,Packaging,China,Qingzhou,,https://www.dsibctank.com/,,,"Shandong Dingsheng Container Co., Ltd. is an IBC tank and fittings manufacturer based in Qingzhou, Shandong, with roots stated as 1995. The company site describes HDPE blow-moulded inner containers with metal cages, plus IBC valves, lids, pallets and couplings, and a second production base opened in Quanzhou, Fujian, in 2022. Stated certifications include a national industrial product production license, ISO 9001, ISO 14001 and OHSAS 18001. The firm says finished IBCs and accessories are sold in Oceania, North America and Southeast Asia and exhibited at Korea Chem 2025.",https://www.dsibctank.com/uploads/42465/banner/2025041505535117cb9.jpg,/images/suppliers/phase1/packaging/dingsheng-1.jpg,"1000L composite IBC tanks|Anti-static IBC tanks|IBC valves, lids, pallets and fittings","ISO 9001|ISO 14001|OHSAS 18001|National industrial product production license (China, as stated by company)",,,,https://www.dsibctank.com/,/images/suppliers/phase1/packaging/dingsheng-1.jpg|/images/suppliers/phase1/packaging/dingsheng-2.jpg
